franchise_id,tbl_dt,sell_amount,name
2.51E+11,3/25/2023,300,CITY COM LTD
2.51E+11,3/25/2023,100,CENTRAL ALIMENTATION COM LTD
2.51E+11,3/25/2023,400,Barthazal
2.51E+11,3/25/2023,350,NYUNGWE CELLULAR LTD
2.51E+11,3/25/2023,500,ESCALE FRANCHISEE LTD
2.51E+11,3/25/2023,200,ESCALE FRANCHISEE LTD
2.51E+11,3/25/2023,300,CITY COM LTD
2.51E+11,3/26/2023,4399165,Balthazar
2.51E+11,3/26/2023,419059,ESCALE FRANCHISEE LTD
2.51E+11,3/26/2023,5973509,PHONECOM LTD
2.51E+11,3/26/2023,11567118,CITY COM LTD
2.51E+11,3/26/2023,8854713,CENTRAL ALIMENTATION COM LTD
2.51E+11,3/26/2023,12170153,Barthazal
2.51E+11,3/26/2023,6108132,NYUNGWE CELLULAR LTD
2.51E+11,3/26/2023,3482979,CITY COM LTD
2.51E+11,3/26/2023,17160220,ESCALE FRANCHISEE LTD
2.51E+11,3/26/2023,10843346,ESCALE FRANCHISEE LTD
2.51E+11,3/26/2023,7860708,ESCALE FRANCHISEE LTD
2.51E+11,3/26/2023,13113608,CITY COM LTD
2.51E+11,3/26/2023,874622,ESCALE FRANCHISEE LTD
2.51E+11,3/26/2023,7276545,PHONECOM LTD
2.51E+11,3/27/2023,4247048,Balthazar
2.51E+11,3/27/2023,360411,ESCALE FRANCHISEE LTD
2.51E+11,3/27/2023,8852654,PHONECOM LTD
2.51E+11,3/27/2023,14040920,CITY COM LTD
2.51E+11,3/27/2023,9201466,CENTRAL ALIMENTATION COM LTD
2.51E+11,3/27/2023,11755162,Barthazal
2.51E+11,3/27/2023,7208155,NYUNGWE CELLULAR LTD
2.51E+11,3/27/2023,3200928,CITY COM LTD
2.51E+11,3/27/2023,18338926,ESCALE FRANCHISEE LTD
2.51E+11,3/27/2023,10926218,ESCALE FRANCHISEE LTD
2.51E+11,3/27/2023,8117506,ESCALE FRANCHISEE LTD
2.51E+11,3/27/2023,14284658,CITY COM LTD
2.51E+11,3/27/2023,755076,ESCALE FRANCHISEE LTD
2.51E+11,3/27/2023,8664474,PHONECOM LTD
2.51E+11,3/28/2023,4103202,Balthazar
2.51E+11,3/28/2023,357360,ESCALE FRANCHISEE LTD
2.51E+11,3/28/2023,9934355,PHONECOM LTD
2.51E+11,3/28/2023,13194744,CITY COM LTD
2.51E+11,3/28/2023,10276365,CENTRAL ALIMENTATION COM LTD
2.51E+11,3/28/2023,12444637,Barthazal
2.51E+11,3/28/2023,5785868,NYUNGWE CELLULAR LTD
2.51E+11,3/28/2023,3055243,CITY COM LTD
2.51E+11,3/28/2023,18066379,ESCALE FRANCHISEE LTD
2.51E+11,3/28/2023,10701700,ESCALE FRANCHISEE LTD
2.51E+11,3/28/2023,8706326,ESCALE FRANCHISEE LTD
2.51E+11,3/28/2023,13796946,CITY COM LTD
2.51E+11,3/28/2023,740509,ESCALE FRANCHISEE LTD
2.51E+11,3/28/2023,7750535,PHONECOM LTD
2.51E+11,3/29/2023,4194113,Balthazar
2.51E+11,3/29/2023,374182,ESCALE FRANCHISEE LTD
2.51E+11,3/29/2023,7978180,PHONECOM LTD
2.51E+11,3/29/2023,14734906,CITY COM LTD
2.51E+11,3/29/2023,10238794,CENTRAL ALIMENTATION COM LTD
2.51E+11,3/29/2023,12164609,Barthazal
2.51E+11,3/29/2023,7554119,NYUNGWE CELLULAR LTD
2.51E+11,3/29/2023,3171129,CITY COM LTD
2.51E+11,3/29/2023,18939625,ESCALE FRANCHISEE LTD
2.51E+11,3/29/2023,11124910,ESCALE FRANCHISEE LTD
2.51E+11,3/29/2023,8531469,ESCALE FRANCHISEE LTD
2.51E+11,3/29/2023,13945368,CITY COM LTD
2.51E+11,3/29/2023,826023,ESCALE FRANCHISEE LTD
2.51E+11,3/29/2023,8114482,PHONECOM LTD
2.51E+11,3/30/2023,4302751,Balthazar
2.51E+11,3/30/2023,388461,ESCALE FRANCHISEE LTD
2.51E+11,3/30/2023,13321225,PHONECOM LTD
2.51E+11,3/30/2023,16942678,CITY COM LTD
2.51E+11,3/30/2023,9706502,CENTRAL ALIMENTATION COM LTD
2.51E+11,3/30/2023,12263810,Barthazal
2.51E+11,3/30/2023,7008438,NYUNGWE CELLULAR LTD
2.51E+11,3/30/2023,3155098,CITY COM LTD
2.51E+11,3/30/2023,19190791,ESCALE FRANCHISEE LTD
2.51E+11,3/30/2023,11437805,ESCALE FRANCHISEE LTD
2.51E+11,3/30/2023,8538632,ESCALE FRANCHISEE LTD
2.51E+11,3/30/2023,14062191,CITY COM LTD
2.51E+11,3/30/2023,828321,ESCALE FRANCHISEE LTD
2.51E+11,3/30/2023,8752573,PHONECOM LTD
2.51E+11,3/31/2023,4793523,Balthazar
2.51E+11,3/31/2023,385668,ESCALE FRANCHISEE LTD
2.51E+11,3/31/2023,9218084,PHONECOM LTD
2.51E+11,3/31/2023,14962160,CITY COM LTD
2.51E+11,3/31/2023,10568273,CENTRAL ALIMENTATION COM LTD
2.51E+11,3/31/2023,12791269,Barthazal
2.51E+11,3/31/2023,6684003,NYUNGWE CELLULAR LTD
2.51E+11,3/31/2023,3198320,CITY COM LTD
2.51E+11,3/31/2023,17878346,ESCALE FRANCHISEE LTD
2.51E+11,3/31/2023,10253147,ESCALE FRANCHISEE LTD
2.51E+11,3/31/2023,9217661,ESCALE FRANCHISEE LTD
2.51E+11,3/31/2023,13397471,CITY COM LTD
2.51E+11,3/31/2023,736957,ESCALE FRANCHISEE LTD
2.51E+11,3/31/2023,7929831,PHONECOM LTD
2.51E+11,4/1/2023,4353968,Balthazar
2.51E+11,4/1/2023,372149,ESCALE FRANCHISEE LTD
2.51E+11,4/1/2023,7575516,PHONECOM LTD
2.51E+11,4/1/2023,13306906,CITY COM LTD
2.51E+11,4/1/2023,10312658,CENTRAL ALIMENTATION COM LTD
2.51E+11,4/1/2023,11487960,Barthazal
2.51E+11,4/1/2023,7567420,NYUNGWE CELLULAR LTD
2.51E+11,4/1/2023,2800211,CITY COM LTD
2.51E+11,4/1/2023,17773830,ESCALE FRANCHISEE LTD
2.51E+11,4/1/2023,10573493,ESCALE FRANCHISEE LTD
2.51E+11,4/1/2023,8154830,ESCALE FRANCHISEE LTD
2.51E+11,4/1/2023,12752189,CITY COM LTD
2.51E+11,4/1/2023,844315,ESCALE FRANCHISEE LTD
2.51E+11,4/1/2023,7440669,PHONECOM LTD
2.51E+11,4/2/2023,4307740,Balthazar
2.51E+11,4/2/2023,408711,ESCALE FRANCHISEE LTD
2.51E+11,4/2/2023,5957205,PHONECOM LTD
2.51E+11,4/2/2023,11553445,CITY COM LTD
2.51E+11,4/2/2023,8980614,CENTRAL ALIMENTATION COM LTD
2.51E+11,4/2/2023,11996049,Barthazal
2.51E+11,4/2/2023,6498775,NYUNGWE CELLULAR LTD
2.51E+11,4/2/2023,3483118,CITY COM LTD
2.51E+11,4/2/2023,17385329,ESCALE FRANCHISEE LTD
2.51E+11,4/2/2023,10862438,ESCALE FRANCHISEE LTD
2.51E+11,4/2/2023,7809183,ESCALE FRANCHISEE LTD
2.51E+11,4/2/2023,13442893,CITY COM LTD
2.51E+11,4/2/2023,807507,ESCALE FRANCHISEE LTD
2.51E+11,4/2/2023,7747138,PHONECOM LTD
2.51E+11,4/3/2023,4385989,Balthazar
2.51E+11,4/3/2023,363800,ESCALE FRANCHISEE LTD
2.51E+11,4/3/2023,9555478,PHONECOM LTD
2.51E+11,4/3/2023,17196722,CITY COM LTD
2.51E+11,4/3/2023,11106561,CENTRAL ALIMENTATION COM LTD
2.51E+11,4/3/2023,11493833,Barthazal
2.51E+11,4/3/2023,7043760,NYUNGWE CELLULAR LTD
2.51E+11,4/3/2023,3371003,CITY COM LTD
2.51E+11,4/3/2023,18731801,ESCALE FRANCHISEE LTD
2.51E+11,4/3/2023,11248964,ESCALE FRANCHISEE LTD
2.51E+11,4/3/2023,9341703,ESCALE FRANCHISEE LTD
2.51E+11,4/3/2023,13224955,CITY COM LTD
2.51E+11,4/3/2023,724627,ESCALE FRANCHISEE LTD
2.51E+11,4/3/2023,8531797,PHONECOM LTD
2.51E+11,4/4/2023,4471405,Balthazar
2.51E+11,4/4/2023,449099,ESCALE FRANCHISEE LTD
2.51E+11,4/4/2023,14963596,PHONECOM LTD
2.51E+11,4/4/2023,16603018,CITY COM LTD
2.51E+11,4/4/2023,10389152,CENTRAL ALIMENTATION COM LTD
2.51E+11,4/4/2023,14919171,Barthazal
2.51E+11,4/4/2023,7227280,NYUNGWE CELLULAR LTD
2.51E+11,4/4/2023,3254228,CITY COM LTD
2.51E+11,4/4/2023,18081059,ESCALE FRANCHISEE LTD
2.51E+11,4/4/2023,11053198,ESCALE FRANCHISEE LTD
2.51E+11,4/4/2023,8405733,ESCALE FRANCHISEE LTD
2.51E+11,4/4/2023,14014270,CITY COM LTD
2.51E+11,4/4/2023,771440,ESCALE FRANCHISEE LTD
2.51E+11,4/4/2023,9761347,PHONECOM LTD
2.51E+11,4/5/2023,4053571,Balthazar
2.51E+11,4/5/2023,409365,ESCALE FRANCHISEE LTD
2.51E+11,4/5/2023,8462334,PHONECOM LTD
2.51E+11,4/5/2023,13683581,CITY COM LTD
2.51E+11,4/5/2023,9488298,CENTRAL ALIMENTATION COM LTD
2.51E+11,4/5/2023,12972525,Barthazal
2.51E+11,4/5/2023,6968644,NYUNGWE CELLULAR LTD
2.51E+11,4/5/2023,3167908,CITY COM LTD
2.51E+11,4/5/2023,18173753,ESCALE FRANCHISEE LTD
2.51E+11,4/5/2023,10822671,ESCALE FRANCHISEE LTD
2.51E+11,4/5/2023,8064357,ESCALE FRANCHISEE LTD
2.51E+11,4/5/2023,14285654,CITY COM LTD
2.51E+11,4/5/2023,952770,ESCALE FRANCHISEE LTD
2.51E+11,4/5/2023,7908469,PHONECOM LTD
2.51E+11,4/6/2023,3802694,Balthazar
2.51E+11,4/6/2023,331728,ESCALE FRANCHISEE LTD
2.51E+11,4/6/2023,6544493,PHONECOM LTD
2.51E+11,4/6/2023,13258103,CITY COM LTD
2.51E+11,4/6/2023,8889246,CENTRAL ALIMENTATION COM LTD
2.51E+11,4/6/2023,10335728,Barthazal
2.51E+11,4/6/2023,5772045,NYUNGWE CELLULAR LTD
2.51E+11,4/6/2023,2789656,CITY COM LTD
2.51E+11,4/6/2023,15410733,ESCALE FRANCHISEE LTD
2.51E+11,4/6/2023,9216153,ESCALE FRANCHISEE LTD
2.51E+11,4/6/2023,7035735,ESCALE FRANCHISEE LTD
2.51E+11,4/6/2023,11877781,CITY COM LTD
2.51E+11,4/6/2023,725030,ESCALE FRANCHISEE LTD
2.51E+11,4/6/2023,7712703,PHONECOM LTD
2.51E+11,4/7/2023,3635719,Balthazar
2.51E+11,4/7/2023,356286,ESCALE FRANCHISEE LTD
2.51E+11,4/7/2023,6144994,PHONECOM LTD
2.51E+11,4/7/2023,10954321,CITY COM LTD
2.51E+11,4/7/2023,7397542,CENTRAL ALIMENTATION COM LTD
2.51E+11,4/7/2023,9040146,Barthazal
2.51E+11,4/7/2023,6531694,NYUNGWE CELLULAR LTD
2.51E+11,4/7/2023,2746948,CITY COM LTD
2.51E+11,4/7/2023,15641333,ESCALE FRANCHISEE LTD
2.51E+11,4/7/2023,9603636,ESCALE FRANCHISEE LTD
2.51E+11,4/7/2023,6437338,ESCALE FRANCHISEE LTD
2.51E+11,4/7/2023,11182987,CITY COM LTD
2.51E+11,4/7/2023,851187,ESCALE FRANCHISEE LTD
2.51E+11,4/7/2023,6387541,PHONECOM LTD
2.51E+11,4/8/2023,4113994,Balthazar
2.51E+11,4/8/2023,397743,ESCALE FRANCHISEE LTD
2.51E+11,4/8/2023,7446002,PHONECOM LTD
2.51E+11,4/8/2023,13440300,CITY COM LTD
2.51E+11,4/8/2023,9614433,CENTRAL ALIMENTATION COM LTD
2.51E+11,4/8/2023,11883231,Barthazal
2.51E+11,4/8/2023,7122444,NYUNGWE CELLULAR LTD
2.51E+11,4/8/2023,2800072,CITY COM LTD
2.51E+11,4/8/2023,16627291,ESCALE FRANCHISEE LTD
2.51E+11,4/8/2023,10176185,ESCALE FRANCHISEE LTD
2.51E+11,4/8/2023,8419768,ESCALE FRANCHISEE LTD
2.51E+11,4/8/2023,12744815,CITY COM LTD
2.51E+11,4/8/2023,813253,ESCALE FRANCHISEE LTD
2.51E+11,4/8/2023,7390437,PHONECOM LTD
2.51E+11,4/9/2023,4523616,Balthazar
2.51E+11,4/9/2023,374527,ESCALE FRANCHISEE LTD
2.51E+11,4/9/2023,6046080,PHONECOM LTD
2.51E+11,4/9/2023,11328062,CITY COM LTD
2.51E+11,4/9/2023,9183248,CENTRAL ALIMENTATION COM LTD
2.51E+11,4/9/2023,12237154,Barthazal
2.51E+11,4/9/2023,6465408,NYUNGWE CELLULAR LTD
2.51E+11,4/9/2023,3457412,CITY COM LTD
2.51E+11,4/9/2023,17567658,ESCALE FRANCHISEE LTD
2.51E+11,4/9/2023,10936356,ESCALE FRANCHISEE LTD
2.51E+11,4/9/2023,7494975,ESCALE FRANCHISEE LTD
2.51E+11,4/9/2023,13829694,CITY COM LTD
2.51E+11,4/9/2023,948610,ESCALE FRANCHISEE LTD
2.51E+11,4/9/2023,7693103,PHONECOM LTD
2.51E+11,4/10/2023,4167638,Balthazar
2.51E+11,4/10/2023,405591,ESCALE FRANCHISEE LTD
2.51E+11,4/10/2023,9773063,PHONECOM LTD
2.51E+11,4/10/2023,13656636,CITY COM LTD
2.51E+11,4/10/2023,9482026,CENTRAL ALIMENTATION COM LTD
2.51E+11,4/10/2023,11899744,Barthazal
2.51E+11,4/10/2023,6937367,NYUNGWE CELLULAR LTD
2.51E+11,4/10/2023,3065622,CITY COM LTD
2.51E+11,4/10/2023,18572524,ESCALE FRANCHISEE LTD
2.51E+11,4/10/2023,11117163,ESCALE FRANCHISEE LTD
2.51E+11,4/10/2023,8484037,ESCALE FRANCHISEE LTD
2.51E+11,4/10/2023,15142288,CITY COM LTD
2.51E+11,4/10/2023,835177,ESCALE FRANCHISEE LTD
2.51E+11,4/10/2023,7805441,PHONECOM LTD
2.51E+11,4/11/2023,4369353,Balthazar
2.51E+11,4/11/2023,463866,ESCALE FRANCHISEE LTD
2.51E+11,4/11/2023,8588725,PHONECOM LTD
2.51E+11,4/11/2023,15610755,CITY COM LTD
2.51E+11,4/11/2023,9665660,CENTRAL ALIMENTATION COM LTD
2.51E+11,4/11/2023,12710498,Barthazal
2.51E+11,4/11/2023,7053966,NYUNGWE CELLULAR LTD
2.51E+11,4/11/2023,3239359,CITY COM LTD
2.51E+11,4/11/2023,18328664,ESCALE FRANCHISEE LTD
2.51E+11,4/11/2023,11328661,ESCALE FRANCHISEE LTD
2.51E+11,4/11/2023,8609050,ESCALE FRANCHISEE LTD
2.51E+11,4/11/2023,14962652,CITY COM LTD
2.51E+11,4/11/2023,732179,ESCALE FRANCHISEE LTD
2.51E+11,4/11/2023,7992792,PHONECOM LTD
2.51E+11,4/12/2023,4248147,Balthazar
2.51E+11,4/12/2023,513046,ESCALE FRANCHISEE LTD
2.51E+11,4/12/2023,7565620,PHONECOM LTD
2.51E+11,4/12/2023,13681910,CITY COM LTD
2.51E+11,4/12/2023,10913297,CENTRAL ALIMENTATION COM LTD
2.51E+11,4/12/2023,12786565,Barthazal
2.51E+11,4/12/2023,7195562,NYUNGWE CELLULAR LTD
2.51E+11,4/12/2023,3304144,CITY COM LTD
2.51E+11,4/12/2023,18023337,ESCALE FRANCHISEE LTD
2.51E+11,4/12/2023,11275162,ESCALE FRANCHISEE LTD
2.51E+11,4/12/2023,8415692,ESCALE FRANCHISEE LTD
2.51E+11,4/12/2023,14541051,CITY COM LTD
2.51E+11,4/12/2023,750188,ESCALE FRANCHISEE LTD
2.51E+11,4/12/2023,8473904,PHONECOM LTD
2.51E+11,4/13/2023,4062946,Balthazar
2.51E+11,4/13/2023,353177,ESCALE FRANCHISEE LTD
2.51E+11,4/13/2023,7103176,PHONECOM LTD
2.51E+11,4/13/2023,19049210,CITY COM LTD
2.51E+11,4/13/2023,10077494,CENTRAL ALIMENTATION COM LTD
2.51E+11,4/13/2023,11058193,Barthazal
2.51E+11,4/13/2023,6805011,NYUNGWE CELLULAR LTD
2.51E+11,4/13/2023,3104360,CITY COM LTD
2.51E+11,4/13/2023,17078441,ESCALE FRANCHISEE LTD
2.51E+11,4/13/2023,10738486,ESCALE FRANCHISEE LTD
2.51E+11,4/13/2023,7854434,ESCALE FRANCHISEE LTD
2.51E+11,4/13/2023,14386982,CITY COM LTD
2.51E+11,4/13/2023,856954,ESCALE FRANCHISEE LTD
2.51E+11,4/13/2023,7640805,PHONECOM LTD
2.51E+11,4/14/2023,4791491,Balthazar
2.51E+11,4/14/2023,440564,ESCALE FRANCHISEE LTD
2.51E+11,4/14/2023,7635344,PHONECOM LTD
2.51E+11,4/14/2023,15258715,CITY COM LTD
2.51E+11,4/14/2023,10555638,CENTRAL ALIMENTATION COM LTD
2.51E+11,4/14/2023,12493953,Barthazal
2.51E+11,4/14/2023,7283566,NYUNGWE CELLULAR LTD
2.51E+11,4/14/2023,3362583,CITY COM LTD
2.51E+11,4/14/2023,18717600,ESCALE FRANCHISEE LTD
2.51E+11,4/14/2023,11360695,ESCALE FRANCHISEE LTD
2.51E+11,4/14/2023,8788459,ESCALE FRANCHISEE LTD
2.51E+11,4/14/2023,14494209,CITY COM LTD
2.51E+11,4/14/2023,736808,ESCALE FRANCHISEE LTD
2.51E+11,4/14/2023,9091215,PHONECOM LTD
2.51E+11,4/15/2023,4346594,Balthazar
2.51E+11,4/15/2023,388164,ESCALE FRANCHISEE LTD
2.51E+11,4/15/2023,7262465,PHONECOM LTD
2.51E+11,4/15/2023,13237370,CITY COM LTD
2.51E+11,4/15/2023,9417293,CENTRAL ALIMENTATION COM LTD
2.51E+11,4/15/2023,11701411,Barthazal
2.51E+11,4/15/2023,7030154,NYUNGWE CELLULAR LTD
2.51E+11,4/15/2023,3112463,CITY COM LTD
2.51E+11,4/15/2023,17696095,ESCALE FRANCHISEE LTD
2.51E+11,4/15/2023,9824219,ESCALE FRANCHISEE LTD
2.51E+11,4/15/2023,7888504,ESCALE FRANCHISEE LTD
2.51E+11,4/15/2023,13077918,CITY COM LTD
2.51E+11,4/15/2023,727328,ESCALE FRANCHISEE LTD
2.51E+11,4/15/2023,8665154,PHONECOM LTD
2.51E+11,4/16/2023,4286415,Balthazar
2.51E+11,4/16/2023,340048,ESCALE FRANCHISEE LTD
2.51E+11,4/16/2023,5556732,PHONECOM LTD
2.51E+11,4/16/2023,10684598,CITY COM LTD
2.51E+11,4/16/2023,8359842,CENTRAL ALIMENTATION COM LTD
2.51E+11,4/16/2023,11935187,Barthazal
2.51E+11,4/16/2023,6477195,NYUNGWE CELLULAR LTD
2.51E+11,4/16/2023,3210880,CITY COM LTD
2.51E+11,4/16/2023,17143273,ESCALE FRANCHISEE LTD
2.51E+11,4/16/2023,10633948,ESCALE FRANCHISEE LTD
2.51E+11,4/16/2023,7334282,ESCALE FRANCHISEE LTD
2.51E+11,4/16/2023,13796764,CITY COM LTD
2.51E+11,4/16/2023,786468,ESCALE FRANCHISEE LTD
2.51E+11,4/16/2023,7169652,PHONECOM LTD
2.51E+11,4/17/2023,4316936,Balthazar
2.51E+11,4/17/2023,434343,ESCALE FRANCHISEE LTD
2.51E+11,4/17/2023,8638805,PHONECOM LTD
2.51E+11,4/17/2023,13920371,CITY COM LTD
2.51E+11,4/17/2023,10064838,CENTRAL ALIMENTATION COM LTD
2.51E+11,4/17/2023,12445409,Barthazal
2.51E+11,4/17/2023,7458944,NYUNGWE CELLULAR LTD
2.51E+11,4/17/2023,3348308,CITY COM LTD
2.51E+11,4/17/2023,18803537,ESCALE FRANCHISEE LTD
2.51E+11,4/17/2023,11474381,ESCALE FRANCHISEE LTD
2.51E+11,4/17/2023,8614957,ESCALE FRANCHISEE LTD
2.51E+11,4/17/2023,14700638,CITY COM LTD
2.51E+11,4/17/2023,742419,ESCALE FRANCHISEE LTD
2.51E+11,4/17/2023,7760990,PHONECOM LTD
2.51E+11,4/18/2023,4004604,Balthazar
2.51E+11,4/18/2023,303120,ESCALE FRANCHISEE LTD
2.51E+11,4/18/2023,9089159,PHONECOM LTD
2.51E+11,4/18/2023,13846738,CITY COM LTD
2.51E+11,4/18/2023,8903113,CENTRAL ALIMENTATION COM LTD
2.51E+11,4/18/2023,11174011,Barthazal
2.51E+11,4/18/2023,6694676,NYUNGWE CELLULAR LTD
2.51E+11,4/18/2023,2931512,CITY COM LTD
2.51E+11,4/18/2023,16432543,ESCALE FRANCHISEE LTD
2.51E+11,4/18/2023,10502466,ESCALE FRANCHISEE LTD
2.51E+11,4/18/2023,7534445,ESCALE FRANCHISEE LTD
2.51E+11,4/18/2023,12957521,CITY COM LTD
2.51E+11,4/18/2023,708949,ESCALE FRANCHISEE LTD
2.51E+11,4/18/2023,7271408,PHONECOM LTD
2.51E+11,4/19/2023,3834800,Balthazar
2.51E+11,4/19/2023,306710,ESCALE FRANCHISEE LTD
2.51E+11,4/19/2023,6727930,PHONECOM LTD
2.51E+11,4/19/2023,13185725,CITY COM LTD
2.51E+11,4/19/2023,9549997,CENTRAL ALIMENTATION COM LTD
2.51E+11,4/19/2023,11799524,Barthazal
2.51E+11,4/19/2023,6809868,NYUNGWE CELLULAR LTD
2.51E+11,4/19/2023,3141904,CITY COM LTD
2.51E+11,4/19/2023,17035821,ESCALE FRANCHISEE LTD
2.51E+11,4/19/2023,10058253,ESCALE FRANCHISEE LTD
2.51E+11,4/19/2023,7439265,ESCALE FRANCHISEE LTD
2.51E+11,4/19/2023,13440453,CITY COM LTD
2.51E+11,4/19/2023,716972,ESCALE FRANCHISEE LTD
2.51E+11,4/19/2023,7249667,PHONECOM LTD
2.51E+11,4/20/2023,3821398,Balthazar
2.51E+11,4/20/2023,289333,ESCALE FRANCHISEE LTD
2.51E+11,4/20/2023,7154615,PHONECOM LTD
2.51E+11,4/20/2023,11980115,CITY COM LTD
2.51E+11,4/20/2023,9386068,CENTRAL ALIMENTATION COM LTD
2.51E+11,4/20/2023,12036545,Barthazal
2.51E+11,4/20/2023,6499900,NYUNGWE CELLULAR LTD
2.51E+11,4/20/2023,3029150,CITY COM LTD
2.51E+11,4/20/2023,17371196,ESCALE FRANCHISEE LTD
2.51E+11,4/20/2023,10270395,ESCALE FRANCHISEE LTD
2.51E+11,4/20/2023,7575705,ESCALE FRANCHISEE LTD
2.51E+11,4/20/2023,13335867,CITY COM LTD
2.51E+11,4/20/2023,714107,ESCALE FRANCHISEE LTD
2.51E+11,4/20/2023,7116961,PHONECOM LTD
2.51E+11,4/21/2023,4410238,Balthazar
2.51E+11,4/21/2023,338475,ESCALE FRANCHISEE LTD
2.51E+11,4/21/2023,7181760,PHONECOM LTD
2.51E+11,4/21/2023,12456575,CITY COM LTD
2.51E+11,4/21/2023,8848501,CENTRAL ALIMENTATION COM LTD
2.51E+11,4/21/2023,11085330,Barthazal
2.51E+11,4/21/2023,6621230,NYUNGWE CELLULAR LTD
2.51E+11,4/21/2023,3052165,CITY COM LTD
2.51E+11,4/21/2023,17411992,ESCALE FRANCHISEE LTD
2.51E+11,4/21/2023,10364057,ESCALE FRANCHISEE LTD
2.51E+11,4/21/2023,7895887,ESCALE FRANCHISEE LTD
2.51E+11,4/21/2023,13632940,CITY COM LTD
2.51E+11,4/21/2023,746051,ESCALE FRANCHISEE LTD
2.51E+11,4/21/2023,7161660,PHONECOM LTD
2.51E+11,4/22/2023,4849340,Balthazar
2.51E+11,4/22/2023,380320,ESCALE FRANCHISEE LTD
2.51E+11,4/22/2023,7869875,PHONECOM LTD
2.51E+11,4/22/2023,13722498,CITY COM LTD
2.51E+11,4/22/2023,10427314,CENTRAL ALIMENTATION COM LTD
2.51E+11,4/22/2023,13574812,Barthazal
2.51E+11,4/22/2023,8590414,NYUNGWE CELLULAR LTD
2.51E+11,4/22/2023,3283310,CITY COM LTD
2.51E+11,4/22/2023,19242185,ESCALE FRANCHISEE LTD
2.51E+11,4/22/2023,10182023,ESCALE FRANCHISEE LTD
2.51E+11,4/22/2023,9001039,ESCALE FRANCHISEE LTD
2.51E+11,4/22/2023,15602101,CITY COM LTD
2.51E+11,4/22/2023,845502,ESCALE FRANCHISEE LTD
2.51E+11,4/22/2023,8291692,PHONECOM LTD
2.51E+11,4/23/2023,5193652,Balthazar
2.51E+11,4/23/2023,262308,ESCALE FRANCHISEE LTD
2.51E+11,4/23/2023,7773641,PHONECOM LTD
2.51E+11,4/23/2023,14052002,CITY COM LTD
2.51E+11,4/23/2023,11097871,CENTRAL ALIMENTATION COM LTD
2.51E+11,4/23/2023,14233026,Barthazal
2.51E+11,4/23/2023,7822019,NYUNGWE CELLULAR LTD
2.51E+11,4/23/2023,4141075,CITY COM LTD
2.51E+11,4/23/2023,21493423,ESCALE FRANCHISEE LTD
2.51E+11,4/23/2023,13843750,ESCALE FRANCHISEE LTD
2.51E+11,4/23/2023,9643335,ESCALE FRANCHISEE LTD
2.51E+11,4/23/2023,16743564,CITY COM LTD
2.51E+11,4/23/2023,1016720,ESCALE FRANCHISEE LTD
2.51E+11,4/23/2023,9470152,PHONECOM LTD
2.51E+11,4/24/2023,5240265,Balthazar
2.51E+11,4/24/2023,94220,ESCALE FRANCHISEE LTD
2.51E+11,4/24/2023,11829322,PHONECOM LTD
2.51E+11,4/24/2023,16783709,CITY COM LTD
2.51E+11,4/24/2023,13863448,CENTRAL ALIMENTATION COM LTD
2.51E+11,4/24/2023,14453526,Barthazal
2.51E+11,4/24/2023,8284319,NYUNGWE CELLULAR LTD
2.51E+11,4/24/2023,3777098,CITY COM LTD
2.51E+11,4/24/2023,22987812,ESCALE FRANCHISEE LTD
2.51E+11,4/24/2023,14128923,ESCALE FRANCHISEE LTD
2.51E+11,4/24/2023,10926551,ESCALE FRANCHISEE LTD
2.51E+11,4/24/2023,17340617,CITY COM LTD
2.51E+11,4/24/2023,931719,ESCALE FRANCHISEE LTD
2.51E+11,4/24/2023,9514238,PHONECOM LTD
2.51E+11,4/25/2023,8841206,PHONECOM LTD
2.51E+11,4/25/2023,10021178,ESCALE FRANCHISEE LTD
2.51E+11,4/25/2023,15676831,CITY COM LTD
2.51E+11,4/25/2023,16309675,CITY COM LTD
2.51E+11,4/25/2023,21086023,ESCALE FRANCHISEE LTD
2.51E+11,4/25/2023,14265307,Barthazal
2.51E+11,4/25/2023,10864370,CENTRAL ALIMENTATION COM LTD
2.51E+11,4/25/2023,13803345,ESCALE FRANCHISEE LTD
2.51E+11,4/25/2023,8961999,PHONECOM LTD
2.51E+11,4/25/2023,3917942,CITY COM LTD
2.51E+11,4/25/2023,8083525,NYUNGWE CELLULAR LTD
2.51E+11,4/25/2023,5090958,Balthazar
2.51E+11,4/25/2023,832763,ESCALE FRANCHISEE LTD
2.51E+11,4/25/2023,56900,ESCALE FRANCHISEE LTD
2.51E+11,4/26/2023,9153451,PHONECOM LTD
2.51E+11,4/26/2023,10520416,ESCALE FRANCHISEE LTD
2.51E+11,4/26/2023,728336,ESCALE FRANCHISEE LTD
2.51E+11,4/26/2023,9162291,NYUNGWE CELLULAR LTD
2.51E+11,4/26/2023,22152638,ESCALE FRANCHISEE LTD
2.51E+11,4/26/2023,18757899,CITY COM LTD
2.51E+11,4/26/2023,15617362,Barthazal
2.51E+11,4/26/2023,9708075,PHONECOM LTD
2.51E+11,4/26/2023,16747459,CITY COM LTD
2.51E+11,4/26/2023,13736751,ESCALE FRANCHISEE LTD
2.51E+11,4/26/2023,5341668,Balthazar
2.51E+11,4/26/2023,11695929,CENTRAL ALIMENTATION COM LTD
2.51E+11,4/26/2023,4190122,CITY COM LTD
2.51E+11,4/26/2023,38214,ESCALE FRANCHISEE LTD
2.51E+11,4/27/2023,9985051,ESCALE FRANCHISEE LTD
2.51E+11,4/27/2023,16197237,CITY COM LTD
2.51E+11,4/27/2023,14033317,Barthazal
2.51E+11,4/27/2023,11514737,CENTRAL ALIMENTATION COM LTD
2.51E+11,4/27/2023,21775574,ESCALE FRANCHISEE LTD
2.51E+11,4/27/2023,7917471,NYUNGWE CELLULAR LTD
2.51E+11,4/27/2023,8990613,PHONECOM LTD
2.51E+11,4/27/2023,5000416,Balthazar
2.51E+11,4/27/2023,9557710,PHONECOM LTD
2.51E+11,4/27/2023,13500192,ESCALE FRANCHISEE LTD
2.51E+11,4/27/2023,16625476,CITY COM LTD
2.51E+11,4/27/2023,3777026,CITY COM LTD
2.51E+11,4/27/2023,520887,ESCALE FRANCHISEE LTD
2.51E+11,4/27/2023,8000,ESCALE FRANCHISEE LTD
2.51E+11,4/28/2023,12328433,CENTRAL ALIMENTATION COM LTD
2.51E+11,4/28/2023,11660666,ESCALE FRANCHISEE LTD
2.51E+11,4/28/2023,22108740,ESCALE FRANCHISEE LTD
2.51E+11,4/28/2023,12786736,PHONECOM LTD
2.51E+11,4/28/2023,14138303,ESCALE FRANCHISEE LTD
2.51E+11,4/28/2023,9812884,PHONECOM LTD
2.51E+11,4/28/2023,16718887,CITY COM LTD
2.51E+11,4/28/2023,9918793,NYUNGWE CELLULAR LTD
2.51E+11,4/28/2023,3871256,CITY COM LTD
2.51E+11,4/28/2023,15957968,Barthazal
2.51E+11,4/28/2023,20532266,CITY COM LTD
2.51E+11,4/28/2023,5544868,Balthazar
2.51E+11,4/28/2023,420095,ESCALE FRANCHISEE LTD
2.51E+11,4/28/2023,18471,ESCALE FRANCHISEE LTD
2.51E+11,4/29/2023,12715600,Barthazal
2.51E+11,4/29/2023,19876599,ESCALE FRANCHISEE LTD
2.51E+11,4/29/2023,14850034,CITY COM LTD
2.51E+11,4/29/2023,15434783,CITY COM LTD
2.51E+11,4/29/2023,7547938,PHONECOM LTD
2.51E+11,4/29/2023,9491047,ESCALE FRANCHISEE LTD
2.51E+11,4/29/2023,10074349,CENTRAL ALIMENTATION COM LTD
2.51E+11,4/29/2023,12364635,ESCALE FRANCHISEE LTD
2.51E+11,4/29/2023,7854087,NYUNGWE CELLULAR LTD
2.51E+11,4/29/2023,4766168,Balthazar
2.51E+11,4/29/2023,7887550,PHONECOM LTD
2.51E+11,4/29/2023,3746770,CITY COM LTD
2.51E+11,4/29/2023,455022,ESCALE FRANCHISEE LTD
2.51E+11,4/29/2023,12100,ESCALE FRANCHISEE LTD
2.51E+11,4/30/2023,9954108,CENTRAL ALIMENTATION COM LTD
2.51E+11,4/30/2023,20488785,ESCALE FRANCHISEE LTD
2.51E+11,4/30/2023,15590167,CITY COM LTD
2.51E+11,4/30/2023,13088490,ESCALE FRANCHISEE LTD
2.51E+11,4/30/2023,4978259,Balthazar
2.51E+11,4/30/2023,10074806,ESCALE FRANCHISEE LTD
2.51E+11,4/30/2023,9074613,PHONECOM LTD
2.51E+11,4/30/2023,7443421,NYUNGWE CELLULAR LTD
2.51E+11,4/30/2023,7224935,PHONECOM LTD
2.51E+11,4/30/2023,13686498,CITY COM LTD
2.51E+11,4/30/2023,14727385,Barthazal
2.51E+11,4/30/2023,292041,ESCALE FRANCHISEE LTD
2.51E+11,4/30/2023,3917901,CITY COM LTD
2.51E+11,4/30/2023,8902,ESCALE FRANCHISEE LTD
2.51E+11,5/1/2023,20028944,ESCALE FRANCHISEE LTD
2.51E+11,5/1/2023,8984228,PHONECOM LTD
2.51E+11,5/1/2023,15568100,CITY COM LTD
2.51E+11,5/1/2023,9615235,ESCALE FRANCHISEE LTD
2.51E+11,5/1/2023,8802951,PHONECOM LTD
2.51E+11,5/1/2023,14708285,Barthazal
2.51E+11,5/1/2023,13211122,ESCALE FRANCHISEE LTD
2.51E+11,5/1/2023,10706705,CENTRAL ALIMENTATION COM LTD
2.51E+11,5/1/2023,18112646,CITY COM LTD
2.51E+11,5/1/2023,8755829,NYUNGWE CELLULAR LTD
2.51E+11,5/1/2023,4759750,Balthazar
2.51E+11,5/1/2023,3789138,CITY COM LTD
2.51E+11,5/1/2023,242792,ESCALE FRANCHISEE LTD
2.51E+11,5/1/2023,11160,ESCALE FRANCHISEE LTD
2.51E+11,5/2/2023,14680239,Barthazal
2.51E+11,5/2/2023,10979923,ESCALE FRANCHISEE LTD
2.51E+11,5/2/2023,8669616,NYUNGWE CELLULAR LTD
2.51E+11,5/2/2023,17885322,CITY COM LTD
2.51E+11,5/2/2023,14411248,ESCALE FRANCHISEE LTD
2.51E+11,5/2/2023,11092245,PHONECOM LTD
2.51E+11,5/2/2023,22310078,ESCALE FRANCHISEE LTD
2.51E+11,5/2/2023,14179734,PHONECOM LTD
2.51E+11,5/2/2023,18426967,CITY COM LTD
2.51E+11,5/2/2023,13389461,CENTRAL ALIMENTATION COM LTD
2.51E+11,5/2/2023,3839290,CITY COM LTD
2.51E+11,5/2/2023,252711,ESCALE FRANCHISEE LTD
2.51E+11,5/2/2023,4938088,Balthazar
2.51E+11,5/2/2023,15210,ESCALE FRANCHISEE LTD
2.51E+11,5/3/2023,11479049,ESCALE FRANCHISEE LTD
2.51E+11,5/3/2023,12033100,PHONECOM LTD
2.51E+11,5/3/2023,24282389,PHONECOM LTD
2.51E+11,5/3/2023,19617252,CITY COM LTD
2.51E+11,5/3/2023,16791907,Barthazal
2.51E+11,5/3/2023,14685354,ESCALE FRANCHISEE LTD
2.51E+11,5/3/2023,22423055,ESCALE FRANCHISEE LTD
2.51E+11,5/3/2023,23304884,CITY COM LTD
2.51E+11,5/3/2023,13665816,CENTRAL ALIMENTATION COM LTD
2.51E+11,5/3/2023,5686054,Balthazar
2.51E+11,5/3/2023,4048173,CITY COM LTD
2.51E+11,5/3/2023,8361482,NYUNGWE CELLULAR LTD
2.51E+11,5/3/2023,269619,ESCALE FRANCHISEE LTD
2.51E+11,5/3/2023,18250,ESCALE FRANCHISEE LTD
